pattern,count,percentage,accuracy_when_present
i_dont_know,151,2.3053435114503817,5.298013245033113
repetition,206,3.1450381679389317,6.310679611650485
no_answer,0,0.0,0.0
off_topic,0,0.0,0.0
numeric_answer,712,10.870229007633588,6.601123595505618
